{"_wandb":{"runtime":11},"epoch/accuracy":0.5072020888328552,"epoch/val_accuracy":0.4954128563404083,"epoch/epoch":10,"epoch/loss":0.6930124163627625,"epoch/val_loss":0.6930891275405884,"_timestamp":1.7577866642319891e+09,"_runtime":11,"_step":10,"epoch/learning_rate":0.0010000000474974513}