{"_step":0,"epoch/val_accuracy":0.48929664492607117,"_timestamp":1.75778629056317e+09,"epoch/accuracy":0.5150589346885681,"epoch/val_loss":1.2587569952011108,"_wandb":{"runtime":7},"epoch/epoch":0,"epoch/loss":1.5848406553268433,"epoch/learning_rate":0.0010000000474974513,"_runtime":7}