{"epoch/accuracy":0.7485814094543457,"_wandb":{"runtime":19},"epoch/val_loss":1.139453411102295,"epoch/val_accuracy":0.49235475063323975,"epoch/learning_rate":0.0010000000474974513,"_step":29,"_timestamp":1.757786564069945e+09,"_runtime":19,"epoch/epoch":29,"epoch/loss":0.48309260606765747}