{"epoch/learning_rate":0.0010000000474974513,"_step":383,"batch/accuracy":0.8719190359115601,"batch/learning_rate":0.0010000000474974513,"epoch/accuracy":0.8721082210540771,"epoch/epoch":23,"batch/loss":0.3077342212200165,"batch/batch_step":1795,"_wandb":{"runtime":105},"epoch/val_loss":0.35362204909324646,"_timestamp":1.7576933092925668e+09,"epoch/loss":0.30803799629211426,"epoch/val_accuracy":0.8409786224365234,"_runtime":105}